name,time
player,1000.1
player,300.8755
player,300.3453
player,300.4242420
player,300.246
player,300.84232
player,300.94224
player,200.2465
player,1300.2168
